Aerie,
Aeryn,
Ai,
Alexandra,
Alison,
Amanda,
Anastasia,
Angel,
Angelica,
Ann,
Anna,
Annie,
April,
Aria,
Artemis,
Asami,
Asha,
Ashley,
Athena,
Aurelia,
Auri,
Aurora,
Azula,
Benezia,
Beth,
Bianca,
Branwen,
Brianna,
Britta,
Callista,
Cassie,
Cat,
Catalina,
Chloe,
Claire,
Cosette,
Denna,
Devi,
Diana,
Dodger,
Dora,
Dynaheir,
Edelgard,
EDI,
Elaine,
Ellen,
Emily,
Ã‰owyn,
Faye,
Fee,
Fela,
Felicia,
Freyja,
Freyr,
Gaige,
Georgia,
Grace,
Gwendolyn,
Hannah,
Hannelore,
Haylay,
Hel,
Ikki,
Imoen,
Inara,
Inari,
Ivy,
Izumi,
Jack,
Jaheira,
Jaina,
Jenny,
Jinora,
Juhani,
June,
Justine,
Karin,
Karrin,
Katara,
Kaylee,
Kelly,
Kenzie,
Korra,
Kuvira,
Kya,
Lara,
Lash,
Leeloo,
Leia,
Leona,
Leslie,
Liara,
Lilith,
Lily,
Lin,
Lucy,
Mabel,
Mai,
Mara,
Marceline,
Margaret,
Marigold,
Martha,
Mavra,
Maya,
Mazzy,
Meetra,
Megan,
Mei,
Miranda,
Mission,
Mola,
Molly,
Momo,
Morinth,
Moxxi,
Nalia,
Nanase,
Nanna,
Natalie ,
Navani,
Nisha,
Nora,
Nyreen,
Opal,
Patricia,
Pema,
Penelope,
Penthe,
Prudence,
Pyrrha,
Rebecca,
River,
Riza,
Robin ,
Ruby,
Sahana,
Samantha,
Samara,
Sarah,
Sarissa,
Scarlett,
Shallan,
Sharon,
Sharteel,
Shayera,
Shehyn,
Sif,
Sigrun,
Skade,
Skie,
Suki,
Susan,
Susan,
Suyin,
Tai,
Tali'Zorah,
Tela,
Tera,
Tina,
Titania,
Toph,
Ty Lee,
Ursa,
vas Moreh,
Vashet,
Veronica,
Viconia,
Vin,
Visas,
Weiss,
Wendy,
Winry,
Yang Xiao,